round,condition,trace_us,replays_aggregated,aiclk,valid_clock,foreign_cpu_pct_median
1,mcast,3164.584,400,1350,1,333.4
1,ring,3193.773,400,1350,1,359.8
1,ringbd,3185.971,400,1350,1,348.7
2,mcast,3164.406,400,1350,1,308.6
2,ring,3194.337,400,1350,1,286.4
2,ringbd,3186.63,400,1350,1,312.6
3,mcast,3164.58,400,1350,1,314.8
3,ring,3194.328,400,1350,1,332.9
3,ringbd,3186.448,400,1350,1,310.4
4,mcast,3164.597,400,1350,1,275.5
4,ring,3193.941,400,1350,1,307.0
4,ringbd,3186.096,400,1350,1,301.0
5,mcast,3163.998,400,1350,1,286.0
5,ring,3193.505,400,1350,1,278.3
5,ringbd,3186.065,400,1350,1,289.2
6,mcast,3164.541,400,1350,1,312.1
6,ring,3193.937,400,1350,1,318.6
6,ringbd,3186.303,400,1350,1,309.5
