round,slot,arm,warmup,n_iters,ms_per_iter,tok_s_u,accept,l1_mb,l1_tensors,text_sha
0,0,dram_mcast,True,191,100.34,26.09,1.62,0.0,0,684888c0ebb17f37
0,1,shard_mcast,True,191,100.28,26.11,1.62,16.0,1,684888c0ebb17f37
0,2,shard_ring,True,191,100.14,26.14,1.62,16.0,1,684888c0ebb17f37
1,0,dram_mcast,False,191,100.25,26.11,1.62,0.0,0,684888c0ebb17f37
1,1,shard_ring,False,191,100.21,26.12,1.62,16.0,1,684888c0ebb17f37
1,2,shard_mcast,False,191,100.2,26.13,1.62,16.0,1,684888c0ebb17f37
2,0,shard_ring,False,191,100.16,26.14,1.62,16.0,1,684888c0ebb17f37
2,1,dram_mcast,False,191,100.4,26.08,1.62,0.0,0,684888c0ebb17f37
2,2,shard_mcast,False,191,100.31,26.1,1.62,16.0,1,684888c0ebb17f37
3,0,shard_ring,False,191,100.28,26.1,1.62,16.0,1,684888c0ebb17f37
3,1,shard_mcast,False,191,99.83,26.22,1.62,16.0,1,684888c0ebb17f37
3,2,dram_mcast,False,191,100.47,26.06,1.62,0.0,0,684888c0ebb17f37
4,0,shard_mcast,False,191,100.38,26.08,1.62,16.0,1,684888c0ebb17f37
4,1,shard_ring,False,191,100.18,26.13,1.62,16.0,1,684888c0ebb17f37
4,2,dram_mcast,False,191,100.32,26.09,1.62,0.0,0,684888c0ebb17f37
5,0,shard_mcast,False,191,100.49,26.05,1.62,16.0,1,684888c0ebb17f37
5,1,dram_mcast,False,191,100.48,26.05,1.62,0.0,0,684888c0ebb17f37
5,2,shard_ring,False,191,100.25,26.11,1.62,16.0,1,684888c0ebb17f37
6,0,dram_mcast,False,191,100.02,26.17,1.62,0.0,0,684888c0ebb17f37
6,1,shard_mcast,False,191,100.32,26.1,1.62,16.0,1,684888c0ebb17f37
6,2,shard_ring,False,191,100.15,26.14,1.62,16.0,1,684888c0ebb17f37
