round,arm,trace_us,replays,valid_clock,aiclk_pre,aiclk_post,temp_pre,temp_post,alloc_per_bank,ring_plans,commit
1,dram,13923.150824999999,400,True,1350,1350,65.9,66.5,0,0,620e90d8abc901e2105732968517d1d2506492ac
1,mcast,13885.439890000001,400,True,1350,1350,64.7,65.5,524288,0,620e90d8abc901e2105732968517d1d2506492ac
1,ring,13803.0981175,400,True,1350,1350,64.2,65.1,524288,3,620e90d8abc901e2105732968517d1d2506492ac
2,dram,13922.4286175,400,True,1350,1350,64.3,65.0,0,0,620e90d8abc901e2105732968517d1d2506492ac
2,mcast,13886.361695,400,True,1350,1350,63.9,65.0,524288,0,620e90d8abc901e2105732968517d1d2506492ac
2,ring,13804.010225,400,True,1350,1350,64.4,64.6,524288,3,620e90d8abc901e2105732968517d1d2506492ac
3,dram,13922.3757775,400,True,1350,1350,64.3,65.1,0,0,620e90d8abc901e2105732968517d1d2506492ac
3,mcast,13886.2226775,400,True,1350,1350,64.2,65.2,524288,0,620e90d8abc901e2105732968517d1d2506492ac
3,ring,13803.37831,400,True,1350,1350,64.2,65.3,524288,3,620e90d8abc901e2105732968517d1d2506492ac
4,dram,13922.1901275,400,True,1350,1350,64.6,64.8,0,0,620e90d8abc901e2105732968517d1d2506492ac
4,mcast,13886.2931875,400,True,1350,1350,64.8,65.3,524288,0,620e90d8abc901e2105732968517d1d2506492ac
4,ring,13803.028414999999,400,True,1350,1350,64.7,65.5,524288,3,620e90d8abc901e2105732968517d1d2506492ac
5,dram,13922.9040325,400,True,1350,1350,64.8,65.5,0,0,620e90d8abc901e2105732968517d1d2506492ac
5,mcast,13885.7476425,400,True,1350,1350,65.0,65.5,524288,0,620e90d8abc901e2105732968517d1d2506492ac
5,ring,13802.812932499999,400,True,1350,1350,64.7,65.5,524288,3,620e90d8abc901e2105732968517d1d2506492ac
6,dram,13922.3174925,400,True,1350,1350,65.0,65.6,0,0,620e90d8abc901e2105732968517d1d2506492ac
6,mcast,13886.6241625,400,True,1350,1350,64.8,65.5,524288,0,620e90d8abc901e2105732968517d1d2506492ac
6,ring,13803.7989875,400,True,1350,1350,65.1,65.9,524288,3,620e90d8abc901e2105732968517d1d2506492ac
