round,slot,arm,trace_us,replays,valid_clock,aiclk_pre,aiclk_post,temp_pre,temp_post,alloc_per_bank,ring_plans,commit,harness_sha256,sfpi,warmup_cell
W,0,dram_mcast,9512.2979125,400,True,1350,1350,66.0,67.3,0,0,7253ae422c1d914982e12d9d51b42bc2b2ad6f61,2858ceec3c734007244adccaf7fbc19141dfd4c7b1700152779a835e3884da2b,7.67.0,True
W,1,dram_ring,9520.3802,400,True,1350,1350,67.6,68.5,0,3,7253ae422c1d914982e12d9d51b42bc2b2ad6f61,2858ceec3c734007244adccaf7fbc19141dfd4c7b1700152779a835e3884da2b,7.67.0,True
W,2,il_mcast,9474.560925000002,400,True,1350,1350,67.1,68.2,153600,0,7253ae422c1d914982e12d9d51b42bc2b2ad6f61,2858ceec3c734007244adccaf7fbc19141dfd4c7b1700152779a835e3884da2b,7.67.0,True
W,3,il_ring,9434.4930575,400,True,1350,1350,66.1,66.9,153600,3,7253ae422c1d914982e12d9d51b42bc2b2ad6f61,2858ceec3c734007244adccaf7fbc19141dfd4c7b1700152779a835e3884da2b,7.67.0,True
W,4,shard_mcast,9471.5367325,400,True,1350,1350,66.0,66.7,524288,0,7253ae422c1d914982e12d9d51b42bc2b2ad6f61,2858ceec3c734007244adccaf7fbc19141dfd4c7b1700152779a835e3884da2b,7.67.0,True
W,5,shard_ring,9398.64525,400,True,1350,1350,66.7,67.8,524288,3,7253ae422c1d914982e12d9d51b42bc2b2ad6f61,2858ceec3c734007244adccaf7fbc19141dfd4c7b1700152779a835e3884da2b,7.67.0,True
0,0,dram_mcast,9511.9010475,400,True,1350,1350,66.0,66.7,0,0,7253ae422c1d914982e12d9d51b42bc2b2ad6f61,2858ceec3c734007244adccaf7fbc19141dfd4c7b1700152779a835e3884da2b,7.67.0,False
0,1,dram_ring,9520.6605625,400,True,1350,1350,65.7,66.5,0,3,7253ae422c1d914982e12d9d51b42bc2b2ad6f61,2858ceec3c734007244adccaf7fbc19141dfd4c7b1700152779a835e3884da2b,7.67.0,False
0,2,il_mcast,9474.3074325,400,True,1350,1350,66.9,67.8,153600,0,7253ae422c1d914982e12d9d51b42bc2b2ad6f61,2858ceec3c734007244adccaf7fbc19141dfd4c7b1700152779a835e3884da2b,7.67.0,False
0,3,il_ring,9434.41865,400,True,1350,1350,66.1,67.3,153600,3,7253ae422c1d914982e12d9d51b42bc2b2ad6f61,2858ceec3c734007244adccaf7fbc19141dfd4c7b1700152779a835e3884da2b,7.67.0,False
0,4,shard_mcast,9471.466400000001,400,True,1350,1350,65.3,66.1,524288,0,7253ae422c1d914982e12d9d51b42bc2b2ad6f61,2858ceec3c734007244adccaf7fbc19141dfd4c7b1700152779a835e3884da2b,7.67.0,False
0,5,shard_ring,9398.68574,400,True,1350,1350,67.0,67.6,524288,3,7253ae422c1d914982e12d9d51b42bc2b2ad6f61,2858ceec3c734007244adccaf7fbc19141dfd4c7b1700152779a835e3884da2b,7.67.0,False
1,0,dram_ring,9520.5880475,400,True,1350,1350,66.0,66.5,0,3,7253ae422c1d914982e12d9d51b42bc2b2ad6f61,2858ceec3c734007244adccaf7fbc19141dfd4c7b1700152779a835e3884da2b,7.67.0,False
1,1,il_mcast,9474.535215,400,True,1350,1350,65.2,66.1,153600,0,7253ae422c1d914982e12d9d51b42bc2b2ad6f61,2858ceec3c734007244adccaf7fbc19141dfd4c7b1700152779a835e3884da2b,7.67.0,False
1,2,il_ring,9434.88516,400,True,1350,1350,66.9,67.9,153600,3,7253ae422c1d914982e12d9d51b42bc2b2ad6f61,2858ceec3c734007244adccaf7fbc19141dfd4c7b1700152779a835e3884da2b,7.67.0,False
1,3,shard_mcast,9472.234245,400,True,1350,1350,66.4,67.0,524288,0,7253ae422c1d914982e12d9d51b42bc2b2ad6f61,2858ceec3c734007244adccaf7fbc19141dfd4c7b1700152779a835e3884da2b,7.67.0,False
1,4,shard_ring,9399.97407,400,True,1350,1350,66.1,67.0,524288,3,7253ae422c1d914982e12d9d51b42bc2b2ad6f61,2858ceec3c734007244adccaf7fbc19141dfd4c7b1700152779a835e3884da2b,7.67.0,False
1,5,dram_mcast,9512.7892425,400,True,1350,1350,65.9,66.7,0,0,7253ae422c1d914982e12d9d51b42bc2b2ad6f61,2858ceec3c734007244adccaf7fbc19141dfd4c7b1700152779a835e3884da2b,7.67.0,False
2,0,il_mcast,9475.442575,400,True,1350,1350,66.0,66.9,153600,0,7253ae422c1d914982e12d9d51b42bc2b2ad6f61,2858ceec3c734007244adccaf7fbc19141dfd4c7b1700152779a835e3884da2b,7.67.0,False
2,1,il_ring,9434.550145,400,True,1350,1350,66.1,66.9,153600,3,7253ae422c1d914982e12d9d51b42bc2b2ad6f61,2858ceec3c734007244adccaf7fbc19141dfd4c7b1700152779a835e3884da2b,7.67.0,False
2,2,shard_mcast,9470.8840075,400,True,1350,1350,66.5,66.7,524288,0,7253ae422c1d914982e12d9d51b42bc2b2ad6f61,2858ceec3c734007244adccaf7fbc19141dfd4c7b1700152779a835e3884da2b,7.67.0,False
2,3,shard_ring,9399.765130000002,400,True,1350,1350,66.0,66.6,524288,3,7253ae422c1d914982e12d9d51b42bc2b2ad6f61,2858ceec3c734007244adccaf7fbc19141dfd4c7b1700152779a835e3884da2b,7.67.0,False
2,4,dram_mcast,9512.5501575,400,True,1350,1350,66.0,66.7,0,0,7253ae422c1d914982e12d9d51b42bc2b2ad6f61,2858ceec3c734007244adccaf7fbc19141dfd4c7b1700152779a835e3884da2b,7.67.0,False
2,5,dram_ring,9520.720932499999,400,True,1350,1350,66.0,67.1,0,3,7253ae422c1d914982e12d9d51b42bc2b2ad6f61,2858ceec3c734007244adccaf7fbc19141dfd4c7b1700152779a835e3884da2b,7.67.0,False
3,0,il_ring,9433.520199999999,400,True,1350,1350,66.7,67.4,153600,3,7253ae422c1d914982e12d9d51b42bc2b2ad6f61,2858ceec3c734007244adccaf7fbc19141dfd4c7b1700152779a835e3884da2b,7.67.0,False
3,1,shard_mcast,9471.971407500001,400,True,1350,1350,66.4,66.7,524288,0,7253ae422c1d914982e12d9d51b42bc2b2ad6f61,2858ceec3c734007244adccaf7fbc19141dfd4c7b1700152779a835e3884da2b,7.67.0,False
3,2,shard_ring,9398.677045,400,True,1350,1350,66.5,66.9,524288,3,7253ae422c1d914982e12d9d51b42bc2b2ad6f61,2858ceec3c734007244adccaf7fbc19141dfd4c7b1700152779a835e3884da2b,7.67.0,False
3,3,dram_mcast,9512.720015,400,True,1350,1350,66.2,67.0,0,0,7253ae422c1d914982e12d9d51b42bc2b2ad6f61,2858ceec3c734007244adccaf7fbc19141dfd4c7b1700152779a835e3884da2b,7.67.0,False
3,4,dram_ring,9519.136145,400,True,1350,1350,66.2,66.9,0,3,7253ae422c1d914982e12d9d51b42bc2b2ad6f61,2858ceec3c734007244adccaf7fbc19141dfd4c7b1700152779a835e3884da2b,7.67.0,False
3,5,il_mcast,9475.217225,400,True,1350,1350,66.1,66.9,153600,0,7253ae422c1d914982e12d9d51b42bc2b2ad6f61,2858ceec3c734007244adccaf7fbc19141dfd4c7b1700152779a835e3884da2b,7.67.0,False
4,0,shard_mcast,9471.42216,400,True,1350,1350,66.0,67.0,524288,0,7253ae422c1d914982e12d9d51b42bc2b2ad6f61,2858ceec3c734007244adccaf7fbc19141dfd4c7b1700152779a835e3884da2b,7.67.0,False
4,1,shard_ring,9398.971665,400,True,1350,1350,65.9,66.7,524288,3,7253ae422c1d914982e12d9d51b42bc2b2ad6f61,2858ceec3c734007244adccaf7fbc19141dfd4c7b1700152779a835e3884da2b,7.67.0,False
4,2,dram_mcast,9511.4307525,400,True,1350,1350,67.1,68.0,0,0,7253ae422c1d914982e12d9d51b42bc2b2ad6f61,2858ceec3c734007244adccaf7fbc19141dfd4c7b1700152779a835e3884da2b,7.67.0,False
4,3,dram_ring,9520.7231725,400,True,1350,1350,66.2,67.0,0,3,7253ae422c1d914982e12d9d51b42bc2b2ad6f61,2858ceec3c734007244adccaf7fbc19141dfd4c7b1700152779a835e3884da2b,7.67.0,False
4,4,il_mcast,9474.8973,400,True,1350,1350,66.0,66.5,153600,0,7253ae422c1d914982e12d9d51b42bc2b2ad6f61,2858ceec3c734007244adccaf7fbc19141dfd4c7b1700152779a835e3884da2b,7.67.0,False
4,5,il_ring,9434.136025,400,True,1350,1350,67.4,68.0,153600,3,7253ae422c1d914982e12d9d51b42bc2b2ad6f61,2858ceec3c734007244adccaf7fbc19141dfd4c7b1700152779a835e3884da2b,7.67.0,False
5,0,shard_ring,9398.9846625,400,True,1350,1350,66.5,67.4,524288,3,7253ae422c1d914982e12d9d51b42bc2b2ad6f61,2858ceec3c734007244adccaf7fbc19141dfd4c7b1700152779a835e3884da2b,7.67.0,False
5,1,dram_mcast,9511.1820925,400,True,1350,1350,66.1,67.3,0,0,7253ae422c1d914982e12d9d51b42bc2b2ad6f61,2858ceec3c734007244adccaf7fbc19141dfd4c7b1700152779a835e3884da2b,7.67.0,False
5,2,dram_ring,9520.5435825,400,True,1350,1350,66.2,66.6,0,3,7253ae422c1d914982e12d9d51b42bc2b2ad6f61,2858ceec3c734007244adccaf7fbc19141dfd4c7b1700152779a835e3884da2b,7.67.0,False
5,3,il_mcast,9474.02002,400,True,1350,1350,66.0,66.6,153600,0,7253ae422c1d914982e12d9d51b42bc2b2ad6f61,2858ceec3c734007244adccaf7fbc19141dfd4c7b1700152779a835e3884da2b,7.67.0,False
5,4,il_ring,9434.024935000001,400,True,1350,1350,65.9,66.6,153600,3,7253ae422c1d914982e12d9d51b42bc2b2ad6f61,2858ceec3c734007244adccaf7fbc19141dfd4c7b1700152779a835e3884da2b,7.67.0,False
5,5,shard_mcast,9471.85219,400,True,1350,1350,66.5,67.5,524288,0,7253ae422c1d914982e12d9d51b42bc2b2ad6f61,2858ceec3c734007244adccaf7fbc19141dfd4c7b1700152779a835e3884da2b,7.67.0,False
6,0,shard_ring,9398.8803,400,True,1350,1350,66.4,67.1,524288,3,7253ae422c1d914982e12d9d51b42bc2b2ad6f61,2858ceec3c734007244adccaf7fbc19141dfd4c7b1700152779a835e3884da2b,7.67.0,False
6,1,shard_mcast,9471.331792500001,400,True,1350,1350,66.2,67.0,524288,0,7253ae422c1d914982e12d9d51b42bc2b2ad6f61,2858ceec3c734007244adccaf7fbc19141dfd4c7b1700152779a835e3884da2b,7.67.0,False
6,2,il_ring,9433.4705625,400,True,1350,1350,65.9,66.9,153600,3,7253ae422c1d914982e12d9d51b42bc2b2ad6f61,2858ceec3c734007244adccaf7fbc19141dfd4c7b1700152779a835e3884da2b,7.67.0,False
6,3,il_mcast,9474.8798625,400,True,1350,1350,66.0,66.6,153600,0,7253ae422c1d914982e12d9d51b42bc2b2ad6f61,2858ceec3c734007244adccaf7fbc19141dfd4c7b1700152779a835e3884da2b,7.67.0,False
6,4,dram_ring,9520.16215,400,True,1350,1350,66.6,67.4,0,3,7253ae422c1d914982e12d9d51b42bc2b2ad6f61,2858ceec3c734007244adccaf7fbc19141dfd4c7b1700152779a835e3884da2b,7.67.0,False
6,5,dram_mcast,9512.046675000001,400,True,1350,1350,66.1,66.7,0,0,7253ae422c1d914982e12d9d51b42bc2b2ad6f61,2858ceec3c734007244adccaf7fbc19141dfd4c7b1700152779a835e3884da2b,7.67.0,False
7,0,dram_mcast,9511.8264075,400,True,1350,1350,65.9,66.6,0,0,7253ae422c1d914982e12d9d51b42bc2b2ad6f61,2858ceec3c734007244adccaf7fbc19141dfd4c7b1700152779a835e3884da2b,7.67.0,False
7,1,shard_ring,9398.5648975,400,True,1350,1350,65.7,66.2,524288,3,7253ae422c1d914982e12d9d51b42bc2b2ad6f61,2858ceec3c734007244adccaf7fbc19141dfd4c7b1700152779a835e3884da2b,7.67.0,False
7,2,shard_mcast,9471.985005,400,True,1350,1350,67.3,68.0,524288,0,7253ae422c1d914982e12d9d51b42bc2b2ad6f61,2858ceec3c734007244adccaf7fbc19141dfd4c7b1700152779a835e3884da2b,7.67.0,False
7,3,il_ring,9433.6570925,400,True,1350,1350,66.7,67.1,153600,3,7253ae422c1d914982e12d9d51b42bc2b2ad6f61,2858ceec3c734007244adccaf7fbc19141dfd4c7b1700152779a835e3884da2b,7.67.0,False
7,4,il_mcast,9473.999632500001,400,True,1350,1350,65.9,66.4,153600,0,7253ae422c1d914982e12d9d51b42bc2b2ad6f61,2858ceec3c734007244adccaf7fbc19141dfd4c7b1700152779a835e3884da2b,7.67.0,False
7,5,dram_ring,9519.701667500001,400,True,1350,1350,65.7,66.1,0,3,7253ae422c1d914982e12d9d51b42bc2b2ad6f61,2858ceec3c734007244adccaf7fbc19141dfd4c7b1700152779a835e3884da2b,7.67.0,False
8,0,dram_ring,9519.518695,400,True,1350,1350,66.9,67.9,0,3,7253ae422c1d914982e12d9d51b42bc2b2ad6f61,2858ceec3c734007244adccaf7fbc19141dfd4c7b1700152779a835e3884da2b,7.67.0,False
8,1,dram_mcast,9511.487234999999,400,True,1350,1350,67.0,67.5,0,0,7253ae422c1d914982e12d9d51b42bc2b2ad6f61,2858ceec3c734007244adccaf7fbc19141dfd4c7b1700152779a835e3884da2b,7.67.0,False
8,2,shard_ring,9399.9956225,400,True,1350,1350,65.9,66.4,524288,3,7253ae422c1d914982e12d9d51b42bc2b2ad6f61,2858ceec3c734007244adccaf7fbc19141dfd4c7b1700152779a835e3884da2b,7.67.0,False
8,3,shard_mcast,9471.0022575,400,True,1350,1350,67.0,67.8,524288,0,7253ae422c1d914982e12d9d51b42bc2b2ad6f61,2858ceec3c734007244adccaf7fbc19141dfd4c7b1700152779a835e3884da2b,7.67.0,False
8,4,il_ring,9434.164832499999,400,True,1350,1350,66.4,67.1,153600,3,7253ae422c1d914982e12d9d51b42bc2b2ad6f61,2858ceec3c734007244adccaf7fbc19141dfd4c7b1700152779a835e3884da2b,7.67.0,False
8,5,il_mcast,9473.849307499999,400,True,1350,1350,66.0,66.7,153600,0,7253ae422c1d914982e12d9d51b42bc2b2ad6f61,2858ceec3c734007244adccaf7fbc19141dfd4c7b1700152779a835e3884da2b,7.67.0,False
9,0,il_mcast,9475.2728225,400,True,1350,1350,65.6,66.5,153600,0,7253ae422c1d914982e12d9d51b42bc2b2ad6f61,2858ceec3c734007244adccaf7fbc19141dfd4c7b1700152779a835e3884da2b,7.67.0,False
9,1,dram_ring,9520.2238975,400,True,1350,1350,66.7,67.6,0,3,7253ae422c1d914982e12d9d51b42bc2b2ad6f61,2858ceec3c734007244adccaf7fbc19141dfd4c7b1700152779a835e3884da2b,7.67.0,False
9,2,dram_mcast,9512.451495,400,True,1350,1350,66.6,67.5,0,0,7253ae422c1d914982e12d9d51b42bc2b2ad6f61,2858ceec3c734007244adccaf7fbc19141dfd4c7b1700152779a835e3884da2b,7.67.0,False
9,3,shard_ring,9399.0315875,400,True,1350,1350,66.0,66.7,524288,3,7253ae422c1d914982e12d9d51b42bc2b2ad6f61,2858ceec3c734007244adccaf7fbc19141dfd4c7b1700152779a835e3884da2b,7.67.0,False
9,4,shard_mcast,9471.357702500001,400,True,1350,1350,65.3,66.4,524288,0,7253ae422c1d914982e12d9d51b42bc2b2ad6f61,2858ceec3c734007244adccaf7fbc19141dfd4c7b1700152779a835e3884da2b,7.67.0,False
9,5,il_ring,9434.2918,400,True,1350,1350,65.7,66.7,153600,3,7253ae422c1d914982e12d9d51b42bc2b2ad6f61,2858ceec3c734007244adccaf7fbc19141dfd4c7b1700152779a835e3884da2b,7.67.0,False
10,0,il_ring,9434.274720000001,400,True,1350,1350,66.7,67.6,153600,3,7253ae422c1d914982e12d9d51b42bc2b2ad6f61,2858ceec3c734007244adccaf7fbc19141dfd4c7b1700152779a835e3884da2b,7.67.0,False
10,1,il_mcast,9473.86818,400,True,1350,1350,66.2,67.3,153600,0,7253ae422c1d914982e12d9d51b42bc2b2ad6f61,2858ceec3c734007244adccaf7fbc19141dfd4c7b1700152779a835e3884da2b,7.67.0,False
10,2,dram_ring,9519.153054999999,400,True,1350,1350,66.1,66.6,0,3,7253ae422c1d914982e12d9d51b42bc2b2ad6f61,2858ceec3c734007244adccaf7fbc19141dfd4c7b1700152779a835e3884da2b,7.67.0,False
10,3,dram_mcast,9511.829699999998,400,True,1350,1350,65.3,66.2,0,0,7253ae422c1d914982e12d9d51b42bc2b2ad6f61,2858ceec3c734007244adccaf7fbc19141dfd4c7b1700152779a835e3884da2b,7.67.0,False
10,4,shard_ring,9398.7994175,400,True,1350,1350,66.9,67.9,524288,3,7253ae422c1d914982e12d9d51b42bc2b2ad6f61,2858ceec3c734007244adccaf7fbc19141dfd4c7b1700152779a835e3884da2b,7.67.0,False
10,5,shard_mcast,9472.09384,400,True,1350,1350,66.4,67.1,524288,0,7253ae422c1d914982e12d9d51b42bc2b2ad6f61,2858ceec3c734007244adccaf7fbc19141dfd4c7b1700152779a835e3884da2b,7.67.0,False
11,0,shard_mcast,9471.921725,400,True,1350,1350,66.2,67.0,524288,0,7253ae422c1d914982e12d9d51b42bc2b2ad6f61,2858ceec3c734007244adccaf7fbc19141dfd4c7b1700152779a835e3884da2b,7.67.0,False
11,1,il_ring,9434.2508325,400,True,1350,1350,65.9,66.6,153600,3,7253ae422c1d914982e12d9d51b42bc2b2ad6f61,2858ceec3c734007244adccaf7fbc19141dfd4c7b1700152779a835e3884da2b,7.67.0,False
11,2,il_mcast,9474.4536675,400,True,1350,1350,65.9,66.5,153600,0,7253ae422c1d914982e12d9d51b42bc2b2ad6f61,2858ceec3c734007244adccaf7fbc19141dfd4c7b1700152779a835e3884da2b,7.67.0,False
11,3,dram_ring,9520.200452500001,400,True,1350,1350,67.0,67.6,0,3,7253ae422c1d914982e12d9d51b42bc2b2ad6f61,2858ceec3c734007244adccaf7fbc19141dfd4c7b1700152779a835e3884da2b,7.67.0,False
11,4,dram_mcast,9511.8887925,400,True,1350,1350,66.0,66.7,0,0,7253ae422c1d914982e12d9d51b42bc2b2ad6f61,2858ceec3c734007244adccaf7fbc19141dfd4c7b1700152779a835e3884da2b,7.67.0,False
11,5,shard_ring,9399.75975,400,True,1350,1350,65.9,67.3,524288,3,7253ae422c1d914982e12d9d51b42bc2b2ad6f61,2858ceec3c734007244adccaf7fbc19141dfd4c7b1700152779a835e3884da2b,7.67.0,False
