round,K,arm,cond,trace_us,replays_aggregated,n_timing_records,aiclk,valid_clock,foreign_cpu_pct_median
1,3,0,base,3164.012,400,1,1350,1,265.6
1,3,0,iv,3160.396,400,1,1350,1,289.5
1,3,1,base,3193.735,400,1,1350,1,272.4
1,3,1,iv,3186.292,400,1,1350,1,278.6
1,4,0,base,4224.61,400,1,1350,1,255.4
1,4,0,iv,4220.331,400,1,1350,1,556.6
1,4,1,base,4242.995,400,1,1350,1,552.8
1,4,1,iv,4245.29,400,1,1350,1,573.1
1,5,0,base,5270.192,400,1,1350,1,311.6
1,5,0,iv,5266.368,400,1,1350,1,298.5
1,5,1,base,5304.124,400,1,1350,1,285.9
1,5,1,iv,5302.569,400,1,1350,1,290.2
2,3,0,base,3164.368,400,1,1350,1,282.8
2,3,0,iv,3160.384,400,1,1350,1,261.1
2,3,1,base,3194.092,400,1,1350,1,252.1
2,3,1,iv,3186.651,400,1,1350,1,257.2
2,4,0,base,4224.623,400,1,1350,1,291.0
2,4,0,iv,4219.483,400,1,1350,1,283.1
2,4,1,base,4242.396,400,1,1350,1,314.6
2,4,1,iv,4244.941,400,1,1350,1,296.8
2,5,0,base,5270.233,400,1,1350,1,263.2
2,5,0,iv,5266.45,400,1,1350,1,255.2
2,5,1,base,5303.9,400,1,1350,1,291.4
2,5,1,iv,5302.718,400,1,1350,1,296.9
3,3,0,base,3164.171,400,1,1350,1,272.9
3,3,0,iv,3160.482,400,1,1350,1,320.6
3,3,1,base,3193.789,400,1,1350,1,309.8
3,3,1,iv,3186.61,400,1,1350,1,275.4
3,4,0,base,4224.392,400,1,1350,1,298.2
3,4,0,iv,4219.995,400,1,1350,1,315.5
3,4,1,base,4243.043,400,1,1350,1,297.2
3,4,1,iv,4244.943,400,1,1350,1,306.5
3,5,0,base,5270.562,400,1,1350,1,276.7
3,5,0,iv,5267.222,400,1,1350,1,266.4
3,5,1,base,5304.013,400,1,1350,1,266.6
3,5,1,iv,5302.664,400,1,1350,1,317.3
4,3,0,base,3164.04,400,1,1350,1,287.5
4,3,0,iv,3160.502,400,1,1350,1,311.4
4,3,1,base,3193.754,400,1,1350,1,273.5
4,3,1,iv,3186.009,400,1,1350,1,280.4
4,4,0,base,4225.049,400,1,1350,1,276.1
4,4,0,iv,4219.48,400,1,1350,1,271.2
4,4,1,base,4242.816,400,1,1350,1,298.4
4,4,1,iv,4244.736,400,1,1350,1,272.1
4,5,0,base,5269.975,400,1,1350,1,310.4
4,5,0,iv,5266.505,400,1,1350,1,259.5
4,5,1,base,5304.403,400,1,1350,1,291.8
4,5,1,iv,5303.086,400,1,1350,1,308.0
5,3,0,base,3164.47,400,1,1350,1,263.6
5,3,0,iv,3160.521,400,1,1350,1,282.4
5,3,1,base,3194.312,400,1,1350,1,273.9
5,3,1,iv,3185.846,400,1,1350,1,263.8
5,4,0,base,4224.747,400,1,1350,1,294.6
5,4,0,iv,4219.787,400,1,1350,1,308.8
5,4,1,base,4242.737,400,1,1350,1,275.3
5,4,1,iv,4244.806,400,1,1350,1,311.1
5,5,0,base,5270.34,400,1,1350,1,287.5
5,5,0,iv,5266.843,400,1,1350,1,318.6
5,5,1,base,5304.005,400,1,1350,1,279.3
5,5,1,iv,5302.619,400,1,1350,1,263.1
6,3,0,base,3164.129,400,1,1350,1,304.1
6,3,0,iv,3160.797,400,1,1350,1,260.8
6,3,1,base,3194.013,400,1,1350,1,310.4
6,3,1,iv,3186.049,400,1,1350,1,311.3
6,4,0,base,4224.532,400,1,1350,1,295.1
6,4,0,iv,4219.636,400,1,1350,1,314.6
6,4,1,base,4242.869,400,1,1350,1,275.8
6,4,1,iv,4244.682,400,1,1350,1,316.4
6,5,0,base,5270.53,400,1,1350,1,263.4
6,5,0,iv,5267.05,400,1,1350,1,296.7
6,5,1,base,5304.416,400,1,1350,1,296.8
6,5,1,iv,5302.362,400,1,1350,1,279.0
